id,email,encrypted_password,reset_password_token,reset_password_sent_at,remember_created_at,created_at,updated_at,first_name,last_name,biography,street,city,postcode,longitude,latitude
1,claude@simonis.name,$2a$12$972//knTo1L.AMEAaaH7MOfltNy1czBZvIbK0G/NOmB37BI59gIj.,,,,2022-08-27 09:29:31 UTC,2022-08-27 09:29:31 UTC,Melissa,Ellis,Financial Times journal best-selling author who inspires and empowers people to create best results for their business.,26 Talbot Rd,london,E6 2RZ,0.06032,51.53136
2,erasmo.moen@kohler-oconner.com,$2a$12$DDx.CkN9ezOk8Lzv.3j8DekhR9nZwezNmeohsEx72IHK3klvW8rxa,,,,2022-08-27 09:29:32 UTC,2022-08-27 09:29:32 UTC,Diane,Ross,Communicator. Alcohol buff. Certified music fanatic. Internet scholar. Wannabe bacon specialist.,3 Anthems Way,london,E20 1JZ,-0.0919983,51.5156177
3,karol_gusikowski@lakin.com,$2a$12$nKhuQlT5QtHbEydqqp6Uy.wf3gBxbMDAb8NFVwz5vw023jzq1zYZC,,,,2022-08-27 09:29:33 UTC,2022-08-27 09:29:33 UTC,April,Smith,Social media scholar. Award-winning twitteraholic. Bacon ninja. Thinker. Zombie maven.,206 Westmount Rd,london,SE9 1XQ,0.05799,51.46145
4,carley@kassulke.name,$2a$12$sD0hJVcOWo94prwWNxWs5ejY/gc2teiP1EpkSwmI0Ic.AxZqAn3HG,,,,2022-08-27 09:29:34 UTC,2022-08-27 09:29:34 UTC,Derek,Baker,Travel guru. Entrepreneur. Music geek. Social media practitioner. Twitter expert. Wannabe explorer. Bacon fanatic. Zombie aficionado.,28-30 Bethnal Green Rd,london,E1 6JY,-0.1276474,51.5073219
5,kyra.yost@abshire.net,$2a$12$B2WJuhuWV4PMBRTUO4JZUOeKQV22sT3t9OlXbhFxA.tTqmUabZhUu,,,,2022-08-27 09:29:35 UTC,2022-08-27 09:29:35 UTC,Kelly ,Oneal,Creator. Subtly charming coffee scholar. Twitter nerd. Student. Gamer. Musicaholic. Travel fanatic. Devoted problem solver. Food junkie.,2 Mintern Cl,london,N13 5SX,-0.1276474,51.5073219
6,elliot@hammes-price.info,$2a$12$gsRM24n3twgsGmSpm37goeRm7GYIcKlWaVNqU1kcnDUPLruHU3rfK,,,,2022-08-27 09:29:36 UTC,2022-08-27 09:29:36 UTC,Austin,Brown,Tv guru. Alcohol evangelist. Problem solver. Amateur student. Introvert. Zombie scholar.,2 Collinson St,london,SE1 1QE,-0.1276474,51.5073219
7,kurtis_carter@reichel.org,$2a$12$67Cg/kRb3mM0wvj2slBItuRZ32dr/USkfXwkVSbbKc/hP2D865iwm,,,,2022-08-27 09:29:37 UTC,2022-08-27 09:29:37 UTC,Thomas,Ramirez,Lifelong travel evangelist. Incurable alcohol fanatic. Music guru. Pop culture aficionado.,St George's Garden,london,SE1 8HZ,-0.1276474,51.5073219
8,anthony@emmerich.com,$2a$12$dfAgolC.B/T/E7/53hrEC.J89tROCtEQt89nWw3wlAano04ah/seu,,,,2022-08-27 09:29:38 UTC,2022-08-27 09:29:38 UTC,Lisa,Martinez,Infuriatingly humble alcohol evangelist. Extreme reader. Social media nerd. Web trailblazer.,11 Crofton Grove,london,E4 6NY,0.0028,51.61559
9,bertram@larkin.biz,$2a$12$Xs5OfN5BtCgsc1ShOlnyju74ZcTD7pqZKdqIFdZMhonIHbvbIPnqC,,,,2022-08-27 09:29:39 UTC,2022-08-27 09:29:39 UTC,Tony ,Barnes,Devoted zombie enthusiast. General communicator. Tv expert. Gamer. Travel evangelist. Food scholar.,116 Studley Grange Rd,london,W7 2LT,-0.338523433,51.50275587
10,armanda@ratke-deckow.name,$2a$12$wDVJgWTrB03noJsg9L.8DOZHhN5qefDsEaRGw/yzSd9LYjeKMGZ9u,,,,2022-08-27 09:29:40 UTC,2022-08-27 09:29:40 UTC,Melissa,Walker,General tv fan. Hardcore social media guru. Writer. Organizer. Pop culture geek.,129 Ferndale Rd,london,SW4 7RN,-0.1276474,51.5073219
11,wilbert.ryan@stanton.com,$2a$12$dQZD9IxJHAia/OC9dcEM1.M1BcZpR2bxjWvZu29tHR70M1rnuBGoq,,,,2022-08-27 09:29:41 UTC,2022-08-27 09:29:41 UTC,Robert,Brown,Food fan. Tv guru. Subtly charming music scholar. Social media advocate. Bacon lover. Certified troublemaker. Webaholic. Coffee practitioner. Internet nerd.,The Alexander P H,london,E9 7TP,-0.1276474,51.5073219
12,marguerite.hansen@wyman.co,$2a$12$x86x6vcn5a7EACsNrW22c.s65flvArvw2PqRzCPX9FvFBxvE0vdo6,,,,2022-08-27 09:29:42 UTC,2022-08-27 09:29:42 UTC,Sara,Le,Wannabe student. Beer lover. Tv fanatic. Social media expert. Infuriatingly humble pop culture buff.,2 Hodnet Grove,london,SE16 2PA,-0.1276474,51.5073219
13,emmett.rath@klocko.org,$2a$12$DsC8.VFvLGrB5ZZFfLgXpe0yVXPZykrWW5jfYYcjUOk3NuSPIOa16,,,,2022-08-27 09:29:43 UTC,2022-08-27 09:29:43 UTC,Christina ,Hampton,Communicator. Bacon fan. Twitter evangelist. Analyst. Entrepreneur. Lifelong troublemaker. Gamer. Reader. Zombie lover.,3 Carlyle Cl,london,N2 0QU,-0.1276474,51.5073219
14,arline@hermann.org,$2a$12$Mgc7DsKbDdcBByYEeOga.eXIbOlHiDJGoxl/fpHYcuiD9dtD2GMf2,,,,2022-08-27 09:29:44 UTC,2022-08-27 09:29:44 UTC,Alexa,Johnson,Bacon fan. Web expert. Travel buff. Amateur pop culture advocate. Alcohol enthusiast.,1 Battersea Rise,london,SW11 5SH,-0.1276474,51.5073219
15,carma.fahey@parisian.co,$2a$12$KjTofm2IE6u4NVrPJZcSXOYdrA0Q/9NGaNIiTVfRXHLLo50DUQ7gS,,,,2022-08-27 09:29:45 UTC,2022-08-27 09:29:45 UTC,Lauren,Wilson,Unable to type with boxing gloves on. Beer enthusiast. General pop culture advocate. Reader.,18 Cheviot Gardens,london,NW2 1QH,-0.1276474,51.5073219
16,leila.rutherford@labadie-auer.com,$2a$12$tug6ixd9k6jIw2bw.o5FgeGHjgliIeXES2Ue7Wxl8JqdcFGp00OIa,,,,2022-08-27 09:29:46 UTC,2022-08-27 09:29:46 UTC,Joseph,Bryan,Alcoholaholic. Web advocate. Entrepreneur. Zombie enthusiast. Student. Explorer. Certified communicator. Total music specialist. Beer ninja.,65 Milford Cl,london,SE2 0DS,0.13507,51.48091
17,corey.price@upton-corkery.io,$2a$12$tescsvpslttHBVFcI4a12.iiLe2nTqNhRhcYLYAmHyY2kMAXn8mlm,,,,2022-08-27 09:29:47 UTC,2022-08-27 09:29:47 UTC,Jasmine,Morris,Communicator. Hardcore food aficionado. Tv expert. Social media geek. Bacon specialist. Avid music practitioner.,2 Ordnance Rd,london,SE18 3SG,0.06072,51.47901
18,aleta_schmidt@jast-heaney.biz,$2a$12$nyFZcK49CjZGSPBERruxuekXlXOSWtAE8T53Hxe0otK59JhInrzdK,,,,2022-08-27 09:29:48 UTC,2022-08-27 09:29:48 UTC,Sydney,Burton,Social media guru. Tv trailblazer. Zombie expert. Introvert. Web ninja. Beer fanatic. Internet buff.,34 Warwick Grove,london,E5 9HU,-0.1276474,51.5073219
19,jamie@rempel.info,$2a$12$6swf4KmwNic3cRBiOzPIcOY3vNSIwxC280C9TBdaFn4f4jCobHQoa,,,,2022-08-27 09:29:49 UTC,2022-08-27 09:29:49 UTC,Lauren,Bradley,"A writer, digital marketing pioneer, and Financial Times journal best-selling author who inspires and empowers people to create best results for their business.",26 Hammersmith Grove,london,W6 7BA,-0.1276474,51.5073219
20,isaac@reilly.name,$2a$12$ZRVyZFDc457iRXsVJWCUwuwYw2Pbv1K7mZj96fXyctO6XeccNduGm,,,,2022-08-27 09:29:50 UTC,2022-08-27 09:29:50 UTC,Theresa,Grimes,Communicator. Alcohol buff. Certified music fanatic. Internet scholar. Wannabe bacon specialist.,City Hall,london,E16 1ZE,-0.0919983,51.5156177
21,floyd@waelchi-olson.org,$2a$12$dp22U.4Q6usxylIyUWT6denCjNBleT5rfno9bWjlobx4rplT/xkAe,,,,2022-08-27 09:29:51 UTC,2022-08-27 09:29:51 UTC,Kelly ,Fritz,Social media scholar. Award-winning twitteraholic. Bacon ninja. Thinker. Zombie maven.,9 Belford Grove,london,SE18 5DL,0.0607864,51.4885792
22,marchelle_sanford@schiller.com,$2a$12$S03OwDe5.4Ai0AgPGhsMoOb99nnRo1KZcLMDMBaYPs.59Qq/JBkMu,,,,2022-08-27 09:29:52 UTC,2022-08-27 09:29:52 UTC,Angela,Robertson,Travel guru. Entrepreneur. Music geek. Social media practitioner. Twitter expert. Wannabe explorer. Bacon fanatic. Zombie aficionado.,40 Grove Park,london,NW9 0JP,-0.26165,51.5917
23,yvette.muller@auer.com,$2a$12$ZIm9lPFjYzOkjaoxv/TUTu2hJJQKMoau.50Tubp/i8U/CndtGqvG2,,,,2022-08-27 09:29:53 UTC,2022-08-27 09:29:53 UTC,John,Miles,Creator. Subtly charming coffee scholar. Twitter nerd. Student. Gamer. Musicaholic. Travel fanatic. Devoted problem solver. Food junkie.,Drew House,london,SE8 3FZ,-0.1276474,51.5073219
24,deborah@hahn.io,$2a$12$Q1sUf2JkrWWfdHZVc0JIq.yplpxagRoolyuUVI2PY9GV4VwQ3wqgG,,,,2022-08-27 09:29:54 UTC,2022-08-27 09:29:54 UTC,Melissa,Castro,Tv guru. Alcohol evangelist. Problem solver. Amateur student. Introvert. Zombie scholar.,17A Annandale Rd,london,SE10 0DD,-0.0919983,51.5156177
25,berniece_mills@torp.biz,$2a$12$x.Yab3/Tdi8FHXykOP/BLu188zb4UwoT6u2j.DX1Oyzq8TEMo.ikG,,,,2022-08-27 09:29:55 UTC,2022-08-27 09:29:55 UTC,Linda,Burns,Lifelong travel evangelist. Incurable alcohol fanatic. Music guru. Pop culture aficionado.,98 Vallance Rd,london,E1 5BH,-0.1276474,51.5073219
26,lia.murazik@schroeder.biz,$2a$12$a6W1WALOKJc0Q1LT9YG2KOwNT8e4S1V3ybqnf17jICbCH3ez54hA2,,,,2022-08-27 09:29:56 UTC,2022-08-27 09:29:56 UTC,Kathy,Farley,Infuriatingly humble alcohol evangelist. Extreme reader. Social media nerd. Web trailblazer.,239 Dartmouth Rd,london,SE26 4QY,-0.1276474,51.5073219
27,kendal@kozey.info,$2a$12$tPQYRXDgjF1Jdiog3GQlieK8Xu.9Zpnmg3YsPxSi7gNSuTZ3OW16u,,,,2022-08-27 09:29:57 UTC,2022-08-27 09:29:57 UTC,Kyle,Griffin,Devoted zombie enthusiast. General communicator. Tv expert. Gamer. Travel evangelist. Food scholar.,121 Drummond Rd,london,SE16 2JY,-0.1276474,51.5073219
28,chantel_tromp@schneider.name,$2a$12$yigNwRsdSx6IEiEZpkkgC.h1iFLdOSp1efugtXhgcCR0Nss/EnP5O,,,,2022-08-27 09:29:58 UTC,2022-08-27 09:29:58 UTC,Marcus,Peterson,General tv fan. Hardcore social media guru. Writer. Organizer. Pop culture geek.,4C Rutland Park,london,SE6 4LH,-0.1276474,51.5073219
29,dave.skiles@powlowski.biz,$2a$12$lOTvxtBfdJl/hTeVXy7vk.DOrPGL/3aBR1M89YM6NzdxkQrtKH80y,,,,2022-08-27 09:29:59 UTC,2022-08-27 09:29:59 UTC,Melissa,Quinn,Food fan. Tv guru. Subtly charming music scholar. Social media advocate. Bacon lover. Certified troublemaker. Webaholic. Coffee practitioner. Internet nerd.,03 Honour Lea Ave,london,E20 1DW,-0.0919983,51.5156177
30,archie.reinger@parisian.org,$2a$12$uAXiMDlGolyYyjVbjjdFkutXsh3ful9cXVaAUPulS3LfZy7Y/XNC.,,,,2022-08-27 09:30:00 UTC,2022-08-27 09:30:00 UTC,Max,Sharp,Wannabe student. Beer lover. Tv fanatic. Social media expert. Infuriatingly humble pop culture buff.,2 Cumberland Mews,london,SE11 4AW,-0.1276474,51.5073219
31,jude_mayert@dach.net,$2a$12$mbxpEG0WNjpzxUeg1gkCIOqtiyajMCO6ifEa.CvSJpSHRaX9m0r3u,,,,2022-08-27 09:30:01 UTC,2022-08-27 09:30:01 UTC,Karl,Pena,Communicator. Bacon fan. Twitter evangelist. Analyst. Entrepreneur. Lifelong troublemaker. Gamer. Reader. Zombie lover.,ARC Dance Academy London,london,SE15 3QQ,-0.1276474,51.5073219
32,kermit_heaney@block.info,$2a$12$HTLYizX4dPSPGIZ9mNjnqeocyggPtcq3SLoNC33DoK.T96dhxeJpG,,,,2022-08-27 09:30:02 UTC,2022-08-27 09:30:02 UTC,Justin,Lara,Bacon fan. Web expert. Travel buff. Amateur pop culture advocate. Alcohol enthusiast.,56 Court Rd,london,SE9 5NP,0.05213,51.44586
33,cathryn.brown@kreiger.com,$2a$12$sfUuH/e4ECyxFqNTQIYO0u2BtrzCustVntY41nBMNQBjCP/8LWMaG,,,,2022-08-27 09:30:03 UTC,2022-08-27 09:30:03 UTC,Wendy,Davis,Unable to type with boxing gloves on. Beer enthusiast. General pop culture advocate. Reader.,43 Rutley Cl,london,SE17 3NP,-0.1276474,51.5073219
34,elena_kreiger@daniel-tillman.io,$2a$12$uKwb3ojpLD/9OP7OtjXgTuhCtdn9NxG/cEATvooBWe5SsweT2W9je,,,,2022-08-27 09:30:04 UTC,2022-08-27 09:30:04 UTC,Michael,Medina,Alcoholaholic. Web advocate. Entrepreneur. Zombie enthusiast. Student. Explorer. Certified communicator. Total music specialist. Beer ninja.,Raffles House,london,NW4 4BX,-0.162236683,51.5074889
35,leland@cassin.biz,$2a$12$yeHwKpzc4gWsHUEGLLd9eOpMOgmVAnM9ALqjQzQhORbdcC7hQZhzy,,,,2022-08-27 09:30:05 UTC,2022-08-27 09:30:05 UTC,Logan,Morris,Food fan. Tv guru. Subtly charming music scholar. Social media advocate. Bacon lover. Certified troublemaker. Webaholic. Coffee practitioner. Internet nerd.,14 Ridgemount Cl,london,SE20 8NJ,-0.1276474,51.5073219
36,georgina@kling.org,$2a$12$5VZCakFCudqeA.aVYqrEjejSv6/w0KTFPiYGUWu3G4BpGog2I5nGq,,,,2022-08-27 09:30:06 UTC,2022-08-27 09:30:06 UTC,Shannon,Hernandez,Wannabe student. Beer lover. Tv fanatic. Social media expert. Infuriatingly humble pop culture buff.,28 Coalecroft Rd,london,SW15 6LP,-0.1276474,51.5073219
37,matt_kunde@bernier.biz,$2a$12$To3yXUL/WNQVy87MiIxleeiufH347jKWvqO.8mXkKZY.PqUN1MBVq,,,,2022-08-27 09:30:07 UTC,2022-08-27 09:30:07 UTC,Melissa,Cox,Communicator. Bacon fan. Twitter evangelist. Analyst. Entrepreneur. Lifelong troublemaker. Gamer. Reader. Zombie lover.,Northwood Hall,london,N6 5PQ,-0.1276474,51.5073219
38,lon.kulas@wunsch.io,$2a$12$zZfyVyuOGZ1E9/.o65G82.zrydNCiRVtxmqBdni8mE.h/20HU71f2,,,,2022-08-27 09:30:08 UTC,2022-08-27 09:30:08 UTC,Sean,Parsons,Bacon fan. Web expert. Travel buff. Amateur pop culture advocate. Alcohol enthusiast.,Rock On,london,E3 5BE,-0.1276474,51.5073219
39,mario@williamson.info,$2a$12$.wneWBVH/qYL.VP2jSmAuet9cscnY/pbbyQYB5lUtybfC.qEHfjTi,,,,2022-08-27 09:30:09 UTC,2022-08-27 09:30:09 UTC,Preston ,Young,Unable to type with boxing gloves on. Beer enthusiast. General pop culture advocate. Reader.,35 Orb St,london,SE17 1EP,-0.1276474,51.5073219
40,seymour_okuneva@conn.name,$2a$12$ysxh.eKQicA0495rghfWPOkYx4YkmXdNrOuV6kdzQNMf4ohstH0Im,,,,2022-08-27 09:30:10 UTC,2022-08-27 09:30:10 UTC,Gary,Chapman,Food fan. Tv guru. Subtly charming music scholar. Social media advocate. Bacon lover. Certified troublemaker. Webaholic. Coffee practitioner. Internet nerd.,UpSpoken,london,NW6 3PS,-0.1276474,51.5073219
41,debbie_howell@ritchie.info,$2a$12$PrkSzEyagfHoQVT84NHV6.5aMGUEo86IVkJhFUvy/bCCucoUIMw8W,,,,2022-08-27 09:30:11 UTC,2022-08-27 09:30:11 UTC,Lucy,Lawless,Tv guru. Alcohol evangelist. Problem solver. Amateur student. Introvert. Zombie scholar.,74 Hevelius Cl,london,SE10 0HR,-0.0919983,51.5156177
